<?xml version="1.0" encoding="UTF-8"?>
<project-private xmlns="http://www.netbeans.org/ns/project-private/1">
    <editor-bookmarks xmlns="http://www.netbeans.org/ns/editor-bookmarks/2" lastBookmarkId="0"/>
    <open-files xmlns="http://www.netbeans.org/ns/projectui-open-files/2">
        <group>
            <file>file:/E:/software/tugas%20PD%20daffa/Acara7/Acara7/src/acara7/Acara7_5.java</file>
            <file>file:/E:/software/tugas%20PD%20daffa/Acara7/Acara7/src/acara7/Acara7_3.java</file>
            <file>file:/E:/software/tugas%20PD%20daffa/Acara7/Acara7/src/acara7/Acara7_4.java</file>
            <file>file:/E:/software/tugas%20PD%20daffa/Acara7/Acara7/src/acara7/Acara7_1.java</file>
            <file>file:/E:/software/tugas%20PD%20daffa/Acara7/Acara7/src/acara7/Acara7_2.java</file>
        </group>
    </open-files>
</project-private>
