<?xml version="1.0" encoding="UTF-8"?>
<project-private xmlns="http://www.netbeans.org/ns/project-private/1">
    <editor-bookmarks xmlns="http://www.netbeans.org/ns/editor-bookmarks/2" lastBookmarkId="0"/>
    <open-files xmlns="http://www.netbeans.org/ns/projectui-open-files/2">
        <group>
            <file>file:/E:/software/tugas%20PD%20daffa/Acara6/Acara6/src/acara6/Acara6_2.java</file>
            <file>file:/E:/software/tugas%20PD%20daffa/Acara6/Acara6/src/acara6/Acara6_4.java</file>
            <file>file:/E:/software/tugas%20PD%20daffa/Acara6/Acara6/src/acara6/Acara6_3.java</file>
            <file>file:/E:/software/tugas%20PD%20daffa/Acara6/Acara6/src/acara6/Acara6_1.java</file>
        </group>
    </open-files>
</project-private>
